{
  "bridge_orig": {
    "action": {
      "mean": [
        0.00023341942869592458,
        0.00013004991342313588,
        -0.0001276246039196849,
        -0.00015565553621854633,
        -0.0004039322375319898,
        0.0002355774922762066,
        0.5764579176902771
      ],
      "std": [
        0.009765922091901302,
        0.013689175248146057,
        0.012667377479374409,
        0.028534062206745148,
        0.030638039112091064,
        0.07691383361816406,
        0.4973699450492859
      ],
      "max": [
        0.41691166162490845,
        0.25864794850349426,
        0.21218234300613403,
        3.122201919555664,
        1.8618112802505493,
        6.280478477478027,
        1.0
      ],
      "min": [
        -0.4007510244846344,
        -0.13874775171279907,
        -0.22553899884223938,
        -3.2010786533355713,
        -1.8618112802505493,
        -6.279075622558594,
        0.0
      ],
      "q01": [
        -0.02872725307941437,
        -0.04170349963009357,
        -0.026093858778476715,
        -0.08092105075716972,
        -0.09288699507713317,
        -0.20718276381492615,
        0.0
      ],
      "q99": [
        0.028309678435325586,
        0.040855254605412394,
        0.040161586627364146,
        0.08192047759890528,
        0.07792850524187081,
        0.20382574498653397,
        1.0
      ],
      "mask": [
        true,
        true,
        true,
        true,
        true,
        true,
        false
      ]
    },
    "proprio": {
      "mean": [
        0.0,
        0.0,
        0.0,
        0.0,
        0.0,
        0.0,
        0.0
      ],
      "std": [
        0.0,
        0.0,
        0.0,
        0.0,
        0.0,
        0.0,
        0.0
      ],
      "max": [
        0.0,
        0.0,
        0.0,
        0.0,
        0.0,
        0.0,
        0.0
      ],
      "min": [
        0.0,
        0.0,
        0.0,
        0.0,
        0.0,
        0.0,
        0.0
      ],
      "q01": [
        0.0,
        0.0,
        0.0,
        0.0,
        0.0,
        0.0,
        0.0
      ],
      "q99": [
        0.0,
        0.0,
        0.0,
        0.0,
        0.0,
        0.0,
        0.0
      ]
    },
    "num_transitions": 2135463,
    "num_trajectories": 60064
  }
}